filename,width,height,class,xmin,ymin,xmax,ymax
05_062020-09-03 10-19-08-548-2.png,1920,1080,person,214,131,980,829
05_062020-09-08 12-22-32-952-1.png,1920,1080,person,20,332,750,878
17_052020-09-08 10-19-21-561-8.png,1920,1080,person,210,406,824,1076
17_052020-09-08 10-19-21-561-8.png,1920,1080,person,668,254,1448,792
17_052020-09-08 10-19-21-561-8.png,1920,1080,person,66,50,692,417
17_052020-09-08 10-19-21-561-8.png,1920,1080,person,918,5,1619,396
17_052020-09-08 10-19-41-581-9.png,1920,1080,person,295,90,997,919
17_052020-09-08 10-19-41-581-9.png,1920,1080,person,1011,13,1775,615
17_052020-09-08 10-19-41-581-9.png,1920,1080,person,909,585,1860,1079
17_052020-09-08 12-57-32-052-1.png,1920,1080,person,491,82,1356,767
17_052020-09-08 12-57-45-065-2.png,1920,1080,person,260,76,1055,888
17_062020-09-02 11-32-03-523-1.png,1920,1080,person,504,85,1263,703
17_062020-09-02 11-32-19-539-2.png,1920,1080,person,110,124,864,883
17_062020-09-02 11-32-19-539-2.png,1920,1080,person,1092,19,1893,555
17_062020-09-02 11-32-31-551-3.png,1920,1080,person,61,176,689,785
17_062020-09-02 11-32-31-551-3.png,1920,1080,person,929,114,1901,864
17_062020-09-03 10-40-23-823-1.png,1920,1080,person,83,226,797,745
17_062020-09-08 12-34-51-691-1.png,1920,1080,person,704,173,1316,877
17_062020-09-08 12-34-51-691-1.png,1920,1080,person,1283,1,1789,561
17_062020-09-08 14-21-13-073-1.png,1920,1080,person,330,263,979,805
17_062020-09-08 14-21-23-083-2.png,1920,1080,person,150,251,756,733
17_062020-09-08 14-21-32-092-3.png,1920,1080,person,815,210,1601,1053
18_032020-09-09 09-49-41-181-1.png,1920,1080,person,418,137,1447,922
18_032020-09-09 09-50-11-211-2.png,1920,1080,person,48,370,886,1049
18_032020-09-09 10-27-05-425-1.png,1920,1080,person,246,108,1080,945
18_032020-09-09 10-27-24-444-2.png,1920,1080,person,198,354,789,829
18_032020-09-09 10-27-24-444-2.png,1920,1080,person,1301,232,1914,891
18_032020-09-09 10-27-24-444-2.png,1920,1080,person,464,20,1264,540
18_032020-09-09 10-27-33-453-3.png,1920,1080,person,182,22,1150,713
18_052020-09-07 16-02-07-727-1.png,1920,1080,person,795,455,1382,1036
18_062020-09-02 11-21-46-906-1.png,1920,1080,person,371,231,1010,805
18_062020-09-02 11-22-08-928-2.png,1920,1080,person,357,124,1364,859
18_062020-09-08 12-35-36-736-1.png,1920,1080,person,214,365,710,1050
19_032020-08-31 16-58-55-335-1.png,1920,1080,person,137,306,897,882
19_032020-08-31 16-59-41-381-2.png,1920,1080,person,134,403,928,1020
19_032020-08-31 16-59-41-381-2.png,1920,1080,person,913,59,1791,736
19_032020-08-31 16-59-59-399-3.png,1920,1080,person,836,196,1507,883
19_032020-09-08 17-21-25-885-1.png,1920,1080,person,956,214,1818,861
19_032020-09-08 17-58-59-139-1.png,1920,1080,person,846,49,1563,699
19_032020-09-08 17-59-10-150-2.png,1920,1080,person,488,79,1615,823
19_032020-09-08 17-59-14-154-3.png,1920,1080,person,324,273,1013,795
19_032020-09-08 17-59-14-154-3.png,1920,1080,person,1128,73,1865,740
19_032020-09-09 09-13-00-980-1.png,1920,1080,person,343,94,992,763
19_042020-09-08 15-59-31-971-1.png,1920,1080,person,984,51,1854,697
19_042020-09-08 15-59-41-981-2.png,1920,1080,person,798,153,1886,960
19_042020-09-08 15-59-45-985-3.png,1920,1080,person,973,190,1688,660
19_042020-09-09 09-02-22-342-1.png,1920,1080,person,32,94,702,791
19_052020-09-08 10-20-52-652-1.png,1920,1080,person,1105,58,1861,677
19_052020-09-08 10-21-14-674-2.png,1920,1080,person,566,42,1443,642
19_052020-09-08 10-21-20-680-3.png,1920,1080,person,60,119,861,956
19_052020-09-08 10-21-20-680-3.png,1920,1080,person,843,17,1593,599
19_072020-09-08 14-21-50-110-1.png,1920,1080,person,132,40,864,656
19_072020-09-08 14-21-50-110-1.png,1920,1080,person,1036,90,1904,863
19_072020-09-08 14-22-00-120-2.png,1920,1080,person,671,113,1489,941
19_072020-09-08 14-22-07-127-3.png,1920,1080,person,104,317,710,894
19_072020-09-08 14-22-07-127-3.png,1920,1080,person,1242,597,1920,1051
20_012020-08-28 11-13-21-401-1.png,1920,1080,person,320,95,1247,924
20_032020-09-09 09-13-22-002-1.png,1920,1080,person,175,79,1021,864
20_032020-09-09 09-13-27-007-2.png,1920,1080,person,115,291,723,996
20_032020-09-09 09-13-27-007-2.png,1920,1080,person,1229,277,1893,1041
20_032020-09-09 09-13-36-016-3.png,1920,1080,person,184,78,1045,703
20_032020-09-09 09-50-49-249-1.png,1920,1080,person,93,205,930,901
20_032020-09-09 09-51-10-270-2.png,1920,1080,person,13,82,705,738
20_042020-09-08 15-27-28-048-1.png,1920,1080,person,843,150,1705,763
20_042020-09-09 09-02-44-364-1.png,1920,1080,person,83,94,779,694
20_052020-09-07 14-44-17-057-1.png,1920,1080,person,156,283,1100,988
20_052020-09-07 14-44-27-067-2.png,1920,1080,person,507,160,1102,760
20_062020-09-02 11-22-42-962-1.png,1920,1080,person,587,224,1369,826
20_062020-09-03 10-04-27-667-1.png,1920,1080,person,286,172,1363,788
20_062020-09-08 12-02-06-726-1.png,1920,1080,person,43,314,669,1063
20_062020-09-08 12-02-35-755-2.png,1920,1080,person,174,214,815,899
20_062020-09-08 12-02-35-755-2.png,1920,1080,person,1160,501,1920,1024
20_062020-09-08 12-36-27-787-1.png,1920,1080,person,119,320,870,868
20_062020-09-08 12-36-27-787-1.png,1920,1080,person,929,129,1688,835
21_022020-08-31 16-32-38-758-1.png,1920,1080,person,63,197,880,840
21_022020-09-08 15-32-42-362-1.png,1920,1080,person,191,173,823,805
21_022020-09-08 15-32-51-371-2.png,1920,1080,person,177,281,804,786
21_022020-09-08 15-32-51-371-2.png,1920,1080,person,1074,63,1898,573
21_032020-08-31 15-45-10-910-1.png,1920,1080,person,106,106,846,920
21_032020-08-31 15-45-10-910-1.png,1920,1080,person,1047,163,1745,756
21_032020-08-31 15-47-16-036-2.png,1920,1080,person,224,173,960,928
21_032020-08-31 15-47-16-036-2.png,1920,1080,person,1151,136,1920,944
21_032020-08-31 15-47-22-042-3.png,1920,1080,person,9,342,786,900
21_032020-08-31 15-47-22-042-3.png,1920,1080,person,924,286,1673,1061
21_032020-09-09 09-14-38-078-1.png,1920,1080,person,728,122,1680,868
21_032020-09-09 09-14-55-095-2.png,1920,1080,person,652,87,1377,720
21_032020-09-09 09-14-55-095-2.png,1920,1080,person,1147,588,1906,1080
21_032020-09-09 09-15-17-117-3.png,1920,1080,person,392,245,1161,896
21_032020-09-09 09-15-17-117-3.png,1920,1080,person,1129,124,1920,813
21_032020-09-09 09-15-21-121-4.png,1920,1080,person,196,451,880,1017
21_032020-09-09 09-15-21-121-4.png,1920,1080,person,997,4,1846,537
21_042020-09-09 09-03-09-389-1.png,1920,1080,person,252,213,980,1028
21_052020-09-07 14-45-09-109-1.png,1920,1080,person,75,128,759,811
21_052020-09-07 14-45-09-109-1.png,1920,1080,person,892,64,1680,694
21_052020-09-08 10-22-08-728-1.png,1920,1080,person,47,63,778,641
21_052020-09-08 10-22-08-728-1.png,1920,1080,person,866,122,1545,673
21_052020-09-08 10-22-08-728-1.png,1920,1080,person,625,640,1418,1041
21_052020-09-08 10-22-30-750-2.png,1920,1080,person,250,350,971,1010
21_052020-09-08 10-22-30-750-2.png,1920,1080,person,1070,517,1889,1063
21_052020-09-08 10-23-04-784-3.png,1920,1080,person,206,417,904,986
21_052020-09-08 10-23-04-784-3.png,1920,1080,person,997,142,1786,831
21_052020-09-08 10-23-04-784-3.png,1920,1080,person,1,1,824,383
21_052020-09-08 10-23-21-801-4.png,1920,1080,person,356,374,1021,937
21_052020-09-08 10-23-21-801-4.png,1920,1080,person,1057,279,1736,760
21_052020-09-08 10-23-21-801-4.png,1920,1080,person,93,553,601,1038
21_052020-09-08 10-23-21-801-4.png,1920,1080,person,50,11,547,536
21_052020-09-08 10-23-29-809-5.png,1920,1080,person,542,542,1136,1080
21_052020-09-08 10-23-29-809-5.png,1920,1080,person,2,168,621,758
21_052020-09-08 10-23-29-809-5.png,1920,1080,person,532,13,1436,545
21_052020-09-08 13-00-07-207-1.png,1920,1080,person,127,503,665,1008
21_052020-09-08 13-00-07-207-1.png,1920,1080,person,1,1,778,447
21_062020-09-02 11-33-19-599-1.png,1920,1080,person,96,197,733,808
21_062020-09-02 11-33-19-599-1.png,1920,1080,person,927,199,1557,853
21_062020-09-02 11-33-28-608-2.png,1920,1080,person,448,205,1219,926
21_062020-09-02 11-33-41-621-3.png,1920,1080,person,502,114,1396,788
21_062020-09-02 11-33-53-633-4.png,1920,1080,person,239,151,878,695
21_062020-09-02 11-33-53-633-4.png,1920,1080,person,1057,195,1909,801
21_062020-09-02 11-34-07-647-5.png,1920,1080,person,173,110,915,890
21_062020-09-02 11-34-07-647-5.png,1920,1080,person,1159,390,1905,867
21_072020-09-08 14-22-37-157-1.png,1920,1080,person,645,86,1642,1037
21_072020-09-08 14-22-44-164-2.png,1920,1080,person,674,8,1919,867
22_022020-09-08 15-33-08-388-1.png,1920,1080,person,638,182,1343,836
22_022020-09-08 15-33-08-388-1.png,1920,1080,person,1313,6,1910,499
22_022020-09-08 17-10-23-223-1.png,1920,1080,person,583,226,1248,806
22_032020-09-09 10-28-15-495-1.png,1920,1080,person,38,56,696,628
22_032020-09-09 10-28-24-504-2.png,1920,1080,person,301,226,1080,1027
22_032020-09-09 10-28-24-504-2.png,1920,1080,person,1105,188,1865,838
22_032020-09-09 10-28-30-510-3.png,1920,1080,person,116,313,642,959
22_032020-09-09 10-28-30-510-3.png,1920,1080,person,710,286,1300,985
22_032020-09-09 10-28-30-510-3.png,1920,1080,person,1409,276,1920,841
22_032020-09-09 10-28-38-518-4.png,1920,1080,person,230,406,866,994
22_032020-09-09 10-28-38-518-4.png,1920,1080,person,970,460,1875,1018
22_032020-09-09 10-28-38-518-4.png,1920,1080,person,33,11,813,481
22_042020-09-08 16-23-49-429-1.png,1920,1080,person,98,231,828,786
22_042020-09-08 16-23-55-435-2.png,1920,1080,person,55,97,832,646
22_052020-09-03 10-25-24-924-1.png,1920,1080,person,345,203,1075,882
22_052020-09-07 14-46-04-164-1.png,1920,1080,person,934,435,1851,1056
22_052020-09-08 10-24-01-841-1.png,1920,1080,person,74,40,770,733
22_052020-09-08 10-24-01-841-1.png,1920,1080,person,795,331,1361,853
22_052020-09-08 10-24-10-850-2.png,1920,1080,person,366,140,1061,903
22_052020-09-08 10-24-10-850-2.png,1920,1080,person,977,270,1695,817
22_062020-09-08 12-03-25-805-1.png,1920,1080,person,841,86,1720,728
22_062020-09-08 12-03-35-815-2.png,1920,1080,person,83,128,647,618
22_062020-09-08 12-03-35-815-2.png,1920,1080,person,769,44,1689,823
22_062020-09-08 12-37-08-828-1.png,1920,1080,person,51,267,761,824
22_062020-09-08 12-37-08-828-1.png,1920,1080,person,810,1,1488,527
22_062020-09-08 12-37-08-828-1.png,1920,1080,person,1071,604,1827,1080
22_062020-09-08 12-37-26-846-2.png,1920,1080,person,218,13,804,585
22_062020-09-08 12-37-26-846-2.png,1920,1080,person,960,251,1615,1024
23_022020-09-08 17-11-03-263-1.png,1920,1080,person,930,99,1580,735
23_022020-09-08 17-11-19-279-2.png,1920,1080,person,233,201,816,696
23_022020-09-08 17-11-32-292-3.png,1920,1080,person,283,35,1016,738
23_022020-09-09 09-03-54-434-1.png,1920,1080,person,77,133,671,628
23_032020-09-08 17-05-10-910-1.png,1920,1080,person,18,6,871,758
23_032020-09-08 17-32-04-524-1.png,1920,1080,person,151,195,910,700
23_032020-09-08 17-32-04-524-1.png,1920,1080,person,813,329,1307,650
23_032020-09-08 17-32-14-534-2.png,1920,1080,person,204,128,1074,731
23_032020-09-08 17-32-20-540-3.png,1920,1080,person,419,258,1061,767
23_032020-09-09 09-15-53-153-1.png,1920,1080,person,73,192,809,754
23_032020-09-09 09-16-10-170-2.png,1920,1080,person,166,342,750,950
23_032020-09-09 09-16-27-187-3.png,1920,1080,person,424,570,1137,1022
23_032020-09-09 09-16-27-187-3.png,1920,1080,person,1169,441,1886,1042
23_042020-09-08 16-00-07-007-1.png,1920,1080,person,1111,191,1904,749
23_052020-08-28 17-29-25-965-1.png,1920,1080,person,38,92,798,846
23_052020-08-28 17-30-05-005-2.png,1920,1080,person,534,146,1355,885
23_052020-09-04 16-28-15-095-1.png,1920,1080,person,137,177,987,977
23_052020-09-04 16-28-15-095-1.png,1920,1080,person,1051,24,1668,614
23_052020-09-04 16-28-33-113-2.png,1920,1080,person,601,258,1160,681
23_052020-09-04 16-28-45-125-3.png,1920,1080,person,365,67,1000,720
23_052020-09-04 16-28-45-125-3.png,1920,1080,person,1101,126,1620,620
23_052020-09-04 16-28-58-138-4.png,1920,1080,person,63,411,634,1014
23_052020-09-04 16-28-58-138-4.png,1920,1080,person,545,32,1033,688
23_052020-09-04 16-28-58-138-4.png,1920,1080,person,1198,33,1818,481
23_052020-09-04 16-28-58-138-4.png,1920,1080,person,1178,545,1857,1023
23_052020-09-04 16-29-27-167-5.png,1920,1080,person,345,376,1136,1047
23_052020-09-07 14-47-43-263-1.png,1920,1080,person,518,103,1295,872
23_052020-09-07 14-47-49-269-2.png,1920,1080,person,491,353,1195,922
23_052020-09-07 14-47-49-269-2.png,1920,1080,person,47,8,641,558
23_052020-09-07 14-48-01-281-3.png,1920,1080,person,187,42,998,688
23_062020-09-03 10-41-00-860-1.png,1920,1080,person,114,170,928,810
23_062020-09-08 13-01-47-307-1.png,1920,1080,person,37,86,770,727
23_062020-09-08 13-01-47-307-1.png,1920,1080,person,1043,437,1721,1010
23_062020-09-08 13-02-00-320-2.png,1920,1080,person,71,370,897,968
23_062020-09-08 13-02-20-340-3.png,1920,1080,person,246,188,932,936
24_022020-08-31 15-32-17-137-1.png,1920,1080,person,413,228,1083,873
24_022020-08-31 15-33-25-205-2.png,1920,1080,person,198,194,902,885
24_022020-08-31 15-33-36-216-3.png,1920,1080,person,186,287,973,926
24_022020-08-31 15-34-15-255-4.png,1920,1080,person,21,551,909,1080
24_032020-09-09 09-52-09-329-1.png,1920,1080,person,700,169,1334,828
24_032020-09-09 09-52-09-329-1.png,1920,1080,person,1360,361,1868,1013
24_032020-09-09 09-52-17-337-2.png,1920,1080,person,274,227,1024,986
24_032020-09-09 09-52-17-337-2.png,1920,1080,person,1186,655,1860,1056
24_032020-09-09 09-52-17-337-2.png,1920,1080,person,1164,1,1725,603
24_032020-09-09 09-52-27-347-3.png,1920,1080,person,339,309,977,919
24_032020-09-09 09-52-27-347-3.png,1920,1080,person,941,1,1605,506
24_032020-09-09 09-52-27-347-3.png,1920,1080,person,1266,672,1920,1080
24_032020-09-09 09-52-36-356-4.png,1920,1080,person,46,333,843,968
24_032020-09-09 09-52-36-356-4.png,1920,1080,person,816,158,1697,994
24_032020-09-09 09-52-44-364-5.png,1920,1080,person,537,245,1210,938
24_032020-09-09 09-52-48-368-6.png,1920,1080,person,45,250,795,913
24_032020-09-09 09-52-48-368-6.png,1920,1080,person,1248,470,1904,931
24_032020-09-09 09-52-54-374-7.png,1920,1080,person,102,242,788,872
24_032020-09-09 09-52-54-374-7.png,1920,1080,person,1056,447,1920,1073
24_042020-09-08 15-53-13-593-1.png,1920,1080,person,739,151,1579,750
24_042020-09-08 15-53-25-605-2.png,1920,1080,person,825,150,1854,978
24_042020-09-08 15-53-30-610-3.png,1920,1080,person,201,123,986,811
24_052020-09-07 16-02-29-749-1.png,1920,1080,person,471,376,1115,1020
24_052020-09-08 10-25-09-909-1.png,1920,1080,person,124,237,689,865
24_052020-09-08 10-25-09-909-1.png,1920,1080,person,598,595,1265,1050
24_052020-09-08 10-25-09-909-1.png,1920,1080,person,1056,524,1671,991
24_052020-09-08 10-25-31-931-2.png,1920,1080,person,105,276,704,914
24_052020-09-08 10-25-31-931-2.png,1920,1080,person,569,632,1227,1049
24_052020-09-08 10-25-31-931-2.png,1920,1080,person,951,136,1814,667
24_052020-09-08 10-25-31-931-2.png,1920,1080,person,1002,631,1723,1040
24_052020-09-08 14-23-19-199-1.png,1920,1080,person,192,233,918,995
24_062020-09-08 12-38-13-893-1.png,1920,1080,person,1033,70,1807,735
24_062020-09-08 13-03-08-388-1.png,1920,1080,person,155,273,854,854
24_062020-09-08 13-03-08-388-1.png,1920,1080,person,993,4,1810,768
25_022020-09-08 17-59-31-171-1.png,1920,1080,person,319,253,939,709
25_022020-09-08 17-59-31-171-1.png,1920,1080,person,948,27,1757,592
25_032020-08-31 15-48-10-090-1.png,1920,1080,person,33,94,788,738
25_032020-08-31 15-48-28-108-2.png,1920,1080,person,287,205,1098,777
25_032020-09-08 17-22-22-942-1.png,1920,1080,person,250,196,843,711
25_032020-09-08 17-22-22-942-1.png,1920,1080,person,871,73,1624,792
25_032020-09-08 17-22-30-950-2.png,1920,1080,person,620,55,1568,749
25_032020-09-08 17-22-41-961-3.png,1920,1080,person,760,151,1870,858
25_052020-09-07 16-02-50-770-1.png,1920,1080,person,420,197,1078,926
25_052020-09-08 10-26-23-983-1.png,1920,1080,person,234,260,883,813
25_052020-09-08 10-26-23-983-1.png,1920,1080,person,827,131,1418,617
25_052020-09-08 10-26-23-983-1.png,1920,1080,person,1165,599,1723,950
25_052020-09-08 10-26-32-992-2.png,1920,1080,person,79,309,654,751
25_052020-09-08 10-26-32-992-2.png,1920,1080,person,309,128,701,428
25_052020-09-08 10-26-32-992-2.png,1920,1080,person,1228,615,1693,1050
25_052020-09-08 10-26-32-992-2.png,1920,1080,person,705,142,1400,711
25_062020-09-02 11-23-12-992-1.png,1920,1080,person,238,200,915,676
25_062020-09-03 10-13-38-218-1.png,1920,1080,person,1092,242,1878,827
25_062020-09-08 12-05-18-918-1.png,1920,1080,person,363,210,1201,979
25_062020-09-08 12-05-32-932-2.png,1920,1080,person,1247,50,1920,620
25_062020-09-08 12-38-55-935-1.png,1920,1080,person,746,49,1568,847
26_032020-09-08 15-34-17-457-1.png,1920,1080,person,70,251,779,731
26_032020-09-08 15-34-17-457-1.png,1920,1080,person,960,145,1764,758
26_032020-09-08 15-34-26-466-2.png,1920,1080,person,14,260,528,749
26_032020-09-08 15-34-26-466-2.png,1920,1080,person,910,28,1786,719
26_032020-09-08 15-34-43-483-3.png,1920,1080,person,7,236,696,814
26_032020-09-08 15-34-43-483-3.png,1920,1080,person,1071,54,1737,649
26_032020-09-08 17-21-48-908-1.png,1920,1080,person,1154,8,1855,595
26_032020-09-09 09-18-30-310-1.png,1920,1080,person,933,335,1628,1014
26_032020-09-09 09-18-30-310-1.png,1920,1080,person,515,14,1261,567
26_032020-09-09 09-19-39-379-2.png,1920,1080,person,45,374,952,1000
26_032020-09-09 09-19-39-379-2.png,1920,1080,person,947,581,1680,1080
26_032020-09-09 09-19-39-379-2.png,1920,1080,person,1225,63,1891,596
26_032020-09-09 09-19-46-386-3.png,1920,1080,person,48,436,836,982
26_032020-09-09 09-19-46-386-3.png,1920,1080,person,1030,636,1733,1080
26_032020-09-09 09-19-46-386-3.png,1920,1080,person,741,31,1341,659
26_032020-09-09 09-19-46-386-3.png,1920,1080,person,1355,132,1919,711
26_032020-09-09 09-19-52-392-4.png,1920,1080,person,78,419,834,941
26_032020-09-09 09-19-52-392-4.png,1920,1080,person,1011,218,1582,799
26_032020-09-09 09-20-01-401-5.png,1920,1080,person,325,106,983,778
26_032020-09-09 09-20-12-412-6.png,1920,1080,person,180,422,756,959
26_052020-09-07 14-49-05-345-1.png,1920,1080,person,1233,224,1871,778
26_052020-09-08 14-23-34-214-1.png,1920,1080,person,996,68,1873,831
26_052020-09-08 14-23-50-230-2.png,1920,1080,person,88,158,848,1080
26_062020-09-02 11-06-35-995-1.png,1920,1080,person,296,147,1130,826
26_062020-09-08 12-39-30-970-1.png,1920,1080,person,197,149,906,709
26_062020-09-08 14-06-59-219-1.png,1920,1080,person,859,181,1791,892
26_062020-09-08 14-07-33-253-2.png,1920,1080,person,24,60,919,801
26_062020-09-08 14-07-33-253-2.png,1920,1080,person,1066,26,1897,814
26_062020-09-08 14-07-51-271-3.png,1920,1080,person,904,400,1905,1055
27_022020-09-08 15-29-13-153-1.png,1920,1080,person,1192,17,1907,610
27_022020-09-08 15-29-26-166-2.png,1920,1080,person,56,267,798,738
27_022020-09-08 17-13-55-435-1.png,1920,1080,person,896,68,1715,754
27_022020-09-08 17-14-06-446-2.png,1920,1080,person,696,204,1566,778
27_022020-09-09 09-04-20-460-1.png,1920,1080,person,565,65,1411,976
27_022020-09-09 09-04-33-473-2.png,1920,1080,person,68,464,747,978
27_022020-09-09 09-04-33-473-2.png,1920,1080,person,1151,236,1836,979
27_032020-09-08 17-23-27-007-1.png,1920,1080,person,50,142,715,723
27_032020-09-08 17-23-27-007-1.png,1920,1080,person,979,140,1655,663
27_032020-09-08 17-32-48-568-1.png,1920,1080,person,600,149,1452,782
27_032020-09-09 10-28-58-538-1.png,1920,1080,person,106,215,780,747
27_032020-09-09 10-28-58-538-1.png,1920,1080,person,978,18,1663,363
27_042020-09-08 16-00-47-047-1.png,1920,1080,person,32,201,846,827
27_042020-09-08 16-00-47-047-1.png,1920,1080,person,934,368,1305,708
27_052020-08-28 17-28-10-890-1.png,1920,1080,person,148,23,968,659
27_052020-08-28 17-28-10-890-1.png,1920,1080,person,265,628,828,1027
27_052020-09-04 16-31-00-260-1.png,1920,1080,person,189,127,1209,1013
27_052020-09-04 16-31-12-272-2.png,1920,1080,person,519,172,1397,972
27_052020-09-07 16-03-23-803-1.png,1920,1080,person,564,6,1536,945
27_052020-09-07 16-03-41-821-2.png,1920,1080,person,411,199,1143,869
27_052020-09-07 16-03-41-821-2.png,1920,1080,person,1159,82,1764,637
27_052020-09-07 16-04-10-850-3.png,1920,1080,person,104,505,755,1008
27_052020-09-07 16-04-38-878-4.png,1920,1080,person,96,603,780,1032
27_052020-09-07 16-04-38-878-4.png,1920,1080,person,959,535,1543,1047
27_052020-09-07 16-04-38-878-4.png,1920,1080,person,369,1,1187,535
27_052020-09-08 10-27-39-059-1.png,1920,1080,person,384,72,997,633
27_052020-09-08 10-27-39-059-1.png,1920,1080,person,1066,505,1737,976
27_052020-09-08 10-28-24-104-2.png,1920,1080,person,782,637,1359,1073
27_052020-09-08 10-28-24-104-2.png,1920,1080,person,51,204,915,723
27_052020-09-08 10-28-24-104-2.png,1920,1080,person,1133,23,1873,659
27_052020-09-08 10-29-05-145-3.png,1920,1080,person,41,78,755,687
27_052020-09-08 10-29-05-145-3.png,1920,1080,person,1179,126,1820,665
27_052020-09-08 10-29-19-159-4.png,1920,1080,person,74,300,825,885
27_052020-09-08 10-29-19-159-4.png,1920,1080,person,856,526,1775,1069
27_052020-09-08 10-29-19-159-4.png,1920,1080,person,878,11,1705,506
27_052020-09-08 14-24-10-250-1.png,1920,1080,person,571,160,1271,869
27_062020-09-03 10-52-38-558-1.png,1920,1080,person,759,131,1451,853
27_062020-09-08 14-08-40-320-1.png,1920,1080,person,1043,97,1869,782
28_022020-09-08 18-00-29-229-1.png,1920,1080,person,829,86,1777,850
28_022020-09-08 18-00-39-239-2.png,1920,1080,person,1024,156,1854,697
28_032020-09-08 17-37-28-848-1.png,1920,1080,person,355,304,1055,778
28_032020-09-08 17-37-35-855-2.png,1920,1080,person,1096,151,1860,763
28_032020-09-09 10-29-26-566-1.png,1920,1080,person,314,160,1091,942
28_032020-09-09 10-29-36-576-2.png,1920,1080,person,797,190,1489,901
28_032020-09-09 10-29-42-582-3.png,1920,1080,person,395,269,1127,890
28_032020-09-09 10-29-42-582-3.png,1920,1080,person,1245,353,1920,924
28_042020-09-08 16-01-15-075-1.png,1920,1080,person,502,122,1413,742
28_042020-09-08 16-01-20-080-2.png,1920,1080,person,663,278,1188,770
28_042020-09-08 16-25-19-519-1.png,1920,1080,person,530,182,1650,859
28_052020-09-03 10-41-45-905-1.png,1920,1080,person,461,186,1160,851
28_052020-09-03 10-41-45-905-1.png,1920,1080,person,1128,92,1701,705
28_052020-09-03 10-42-01-921-2.png,1920,1080,person,37,245,893,836
28_052020-09-03 10-42-01-921-2.png,1920,1080,person,1037,70,1734,765
28_052020-09-07 11-43-11-191-1.png,1920,1080,person,316,383,1104,1069
28_052020-09-07 11-43-11-191-1.png,1920,1080,person,1,15,855,492
28_052020-09-07 11-43-18-198-2.png,1920,1080,person,684,35,1351,709
28_052020-09-07 11-43-18-198-2.png,1920,1080,person,68,9,680,587
28_052020-09-07 11-43-36-216-3.png,1920,1080,person,39,182,952,932
28_052020-09-07 11-43-36-216-3.png,1920,1080,person,1101,1,1787,636
28_052020-09-07 16-05-26-926-1.png,1920,1080,person,55,569,657,1033
28_052020-09-07 16-05-26-926-1.png,1920,1080,person,429,36,1041,658
28_052020-09-07 16-05-26-926-1.png,1920,1080,person,1066,79,1768,797
28_062020-09-02 10-49-27-967-1.png,1920,1080,person,689,177,1421,738
28_062020-09-02 11-23-38-018-1.png,1920,1080,person,86,110,991,704
28_062020-09-02 11-23-59-039-2.png,1920,1080,person,407,159,1492,910
28_062020-09-03 10-14-20-260-1.png,1920,1080,person,354,197,1010,788
28_062020-09-03 10-14-20-260-1.png,1920,1080,person,1142,232,1663,658
28_062020-09-08 12-06-55-015-1.png,1920,1080,person,89,274,830,946
28_062020-09-08 12-06-55-015-1.png,1920,1080,person,869,415,1577,1055
28_062020-09-08 12-07-03-023-2.png,1920,1080,person,121,165,886,719
28_062020-09-08 12-07-03-023-2.png,1920,1080,person,986,241,1642,999
28_062020-09-08 12-07-18-038-3.png,1920,1080,person,427,297,1150,897
29_032020-09-08 17-24-02-042-1.png,1920,1080,person,846,122,1742,819
29_032020-09-08 17-38-00-880-1.png,1920,1080,person,759,142,1727,894
29_032020-09-09 10-07-10-230-1.png,1920,1080,person,257,235,983,828
29_032020-09-09 10-07-15-235-2.png,1920,1080,person,102,137,901,691
29_032020-09-09 10-07-15-235-2.png,1920,1080,person,1045,42,1886,703
29_032020-09-09 10-07-23-243-3.png,1920,1080,person,21,65,973,917
29_042020-09-08 15-46-53-213-1.png,1920,1080,person,156,119,954,801
29_042020-09-08 15-53-56-636-1.png,1920,1080,person,233,145,1134,956
29_052020-09-08 10-37-21-641-1.png,1920,1080,person,91,51,829,624
29_052020-09-08 10-37-21-641-1.png,1920,1080,person,645,537,1384,1068
29_052020-09-08 10-37-21-641-1.png,1920,1080,person,1070,95,1729,726
29_052020-09-08 10-37-39-659-2.png,1920,1080,person,255,213,983,878
29_052020-09-08 10-37-39-659-2.png,1920,1080,person,886,411,1866,1013
29_062020-09-03 10-25-53-953-1.png,1920,1080,person,701,128,1427,774
29_062020-09-08 12-07-42-062-1.png,1920,1080,person,21,5,693,474
29_062020-09-08 12-07-42-062-1.png,1920,1080,person,816,8,1915,832
29_062020-09-08 12-07-53-073-2.png,1920,1080,person,132,295,846,855
29_062020-09-08 12-07-53-073-2.png,1920,1080,person,871,6,1573,536
29_072020-09-08 12-40-10-010-1.png,1920,1080,person,189,205,829,814
30_032020-09-08 17-23-41-021-1.png,1920,1080,person,827,95,1669,722
30_042020-09-08 15-54-19-659-1.png,1920,1080,person,650,65,1536,708
30_052020-09-08 12-41-14-074-1.png,1920,1080,person,159,181,691,801
30_052020-09-08 12-41-25-085-2.png,1920,1080,person,97,215,641,747
30_052020-09-08 12-41-25-085-2.png,1920,1080,person,936,3,1423,461
30_052020-09-08 12-41-41-101-3.png,1920,1080,person,4,333,792,901
30_052020-09-08 12-41-41-101-3.png,1920,1080,person,910,81,1643,749
30_062020-09-02 10-50-28-028-1.png,1920,1080,person,801,49,1629,723
30_062020-09-02 10-51-47-107-2.png,1920,1080,person,1143,76,1889,645
30_062020-09-03 10-53-11-591-1.png,1920,1080,person,893,67,1819,811
30_062020-09-08 14-09-49-389-1.png,1920,1080,person,483,256,1257,1060
31_022020-09-08 17-15-54-554-1.png,1920,1080,person,137,154,715,719
31_022020-09-08 17-15-54-554-1.png,1920,1080,person,884,113,1475,594
31_022020-09-08 18-00-58-258-1.png,1920,1080,person,839,94,1841,763
31_032020-09-08 17-39-04-944-1.png,1920,1080,person,506,104,1260,683
31_032020-09-09 10-08-06-286-1.png,1920,1080,person,1013,10,1887,687
31_032020-09-09 10-08-11-291-2.png,1920,1080,person,732,444,1555,981
31_042020-09-08 15-47-19-239-1.png,1920,1080,person,501,149,1484,791
31_042020-09-08 15-47-30-250-2.png,1920,1080,person,291,214,932,755
31_042020-09-08 15-47-30-250-2.png,1920,1080,person,1184,286,1900,795
31_042020-09-08 15-55-04-704-1.png,1920,1080,person,538,41,1427,744
31_042020-09-09 09-20-41-441-1.png,1920,1080,person,214,122,920,828
31_042020-09-09 09-20-48-448-2.png,1920,1080,person,339,137,1015,794
31_052020-09-07 11-44-23-263-1.png,1920,1080,person,169,145,873,828
31_052020-09-07 11-44-41-281-2.png,1920,1080,person,119,47,770,554
31_052020-09-07 11-44-41-281-2.png,1920,1080,person,918,168,1837,995
31_052020-09-07 11-44-55-295-3.png,1920,1080,person,328,32,1256,1001
31_052020-09-08 10-38-42-722-1.png,1920,1080,person,236,11,1009,601
31_052020-09-08 10-38-42-722-1.png,1920,1080,person,998,395,1771,1001
31_062020-09-08 14-10-26-426-1.png,1920,1080,person,845,358,1832,1067
31_062020-09-08 14-24-42-282-1.png,1920,1080,person,25,58,946,691
31_062020-09-08 14-24-42-282-1.png,1920,1080,person,979,400,1732,1037
32_032020-09-09 09-32-39-159-1.png,1920,1080,person,14,273,789,787
32_032020-09-09 09-32-55-175-2.png,1920,1080,person,14,15,800,718
32_032020-09-09 09-32-55-175-2.png,1920,1080,person,1159,417,1920,1051
32_032020-09-09 10-30-06-606-1.png,1920,1080,person,554,301,1309,951
32_032020-09-09 10-30-06-606-1.png,1920,1080,person,1355,126,1909,691
32_032020-09-09 10-30-17-617-2.png,1920,1080,person,7,219,604,791
32_032020-09-09 10-30-17-617-2.png,1920,1080,person,736,96,1566,656
32_032020-09-09 10-30-17-617-2.png,1920,1080,person,906,732,1709,1069
32_032020-09-09 10-30-21-621-3.png,1920,1080,person,252,483,951,946
32_032020-09-09 10-30-21-621-3.png,1920,1080,person,555,10,1121,438
32_032020-09-09 10-30-21-621-3.png,1920,1080,person,1174,5,1633,432
32_032020-09-09 10-30-24-624-4.png,1920,1080,person,565,196,1171,781
32_032020-09-09 10-30-31-631-5.png,1920,1080,person,137,433,747,1019
32_042020-09-09 09-21-32-492-1.png,1920,1080,person,809,204,1677,979
32_062020-09-08 12-10-36-236-1.png,1920,1080,person,457,301,1057,686
32_062020-09-08 12-10-54-254-2.png,1920,1080,person,1187,511,1583,836
32_062020-09-08 12-10-54-254-2.png,1920,1080,person,65,13,1234,792
32_062020-09-08 14-11-06-466-1.png,1920,1080,person,215,147,987,799
32_062020-09-08 14-11-22-482-3.png,1920,1080,person,670,124,1459,859
32_062020-09-08 14-11-28-488-4.png,1920,1080,person,160,122,824,833
33_032020-08-31 15-35-29-329-1.png,1920,1080,person,523,142,1306,724
33_032020-09-09 09-04-43-483-1.png,1920,1080,person,430,18,1200,713
33_042020-09-02 10-25-25-525-1.png,1920,1080,person,460,56,1521,765
33_042020-09-08 16-01-29-089-1.png,1920,1080,person,1100,170,1884,896
33_042020-09-08 16-01-35-095-2.png,1920,1080,person,966,154,1902,729
33_042020-09-08 16-25-39-539-1.png,1920,1080,person,221,56,1211,945
33_052020-08-28 17-20-20-420-1.png,1920,1080,person,261,14,977,904
33_052020-09-07 11-47-04-424-1.png,1920,1080,person,625,232,1418,1068
33_052020-09-07 11-47-04-424-1.png,1920,1080,person,1421,528,1910,1041
33_052020-09-08 10-39-22-762-1.png,1920,1080,person,36,255,806,1041
33_052020-09-08 10-39-22-762-1.png,1920,1080,person,978,331,1773,1019
33_052020-09-08 10-39-38-778-2.png,1920,1080,person,152,431,733,1015
33_052020-09-08 10-39-38-778-2.png,1920,1080,person,779,320,1333,835
33_052020-09-08 10-39-38-778-2.png,1920,1080,person,1187,338,1920,1080
33_052020-09-08 10-39-49-789-3.png,1920,1080,person,98,359,719,981
33_052020-09-08 10-39-49-789-3.png,1920,1080,person,860,124,1729,794
33_052020-09-08 12-42-26-146-1.png,1920,1080,person,132,246,787,869
33_062020-09-08 12-12-20-340-1.png,1920,1080,person,891,1,1784,903
33_062020-09-08 12-12-32-352-2.png,1920,1080,person,102,344,957,982
34_022020-09-09 09-22-15-535-1.png,1920,1080,person,4,10,771,583
34_022020-09-09 09-22-23-543-2.png,1920,1080,person,692,379,1546,1020
34_022020-09-09 09-22-29-549-3.png,1920,1080,person,51,28,932,809
34_022020-09-09 09-22-29-549-3.png,1920,1080,person,1034,456,1866,1080
34_032020-09-09 09-33-31-211-1.png,1920,1080,person,46,104,869,773
34_032020-09-09 09-33-37-217-2.png,1920,1080,person,915,128,1827,987
34_032020-09-09 09-33-44-224-3.png,1920,1080,person,701,270,1509,967
34_042020-09-08 15-48-06-286-1.png,1920,1080,person,880,73,1763,737
34_042020-09-08 15-48-18-298-2.png,1920,1080,person,601,120,1642,815
34_042020-09-08 15-48-24-304-3.png,1920,1080,person,732,68,1577,774
34_042020-09-08 16-03-57-237-1.png,1920,1080,person,892,109,1869,735
34_052020-09-03 10-42-34-954-1.png,1920,1080,person,325,226,1227,941
34_052020-09-03 10-43-12-992-2.png,1920,1080,person,143,178,978,828
34_052020-09-07 11-47-49-469-1.png,1920,1080,person,160,332,797,837
34_052020-09-07 11-47-49-469-1.png,1920,1080,person,834,436,1670,1051
34_052020-09-07 16-05-46-946-1.png,1920,1080,person,620,327,1573,1035
34_052020-09-07 16-05-46-946-1.png,1920,1080,person,16,32,757,622
34_052020-09-08 10-40-19-819-1.png,1920,1080,person,288,100,1306,915
34_052020-09-08 10-40-19-819-1.png,1920,1080,person,1107,606,1851,1080
34_052020-09-08 10-40-34-834-2.png,1920,1080,person,493,382,1137,920
34_052020-09-08 10-40-34-834-2.png,1920,1080,person,1196,440,1913,981
34_052020-09-08 10-40-34-834-2.png,1920,1080,person,48,9,782,526
34_052020-09-08 10-40-44-844-3.png,1920,1080,person,645,297,1489,1009
34_062020-09-02 11-25-17-117-1.png,1920,1080,person,223,249,1018,800
34_062020-09-02 11-25-17-117-1.png,1920,1080,person,1082,76,1892,772
34_072020-09-08 14-11-52-512-1.png,1920,1080,person,650,336,1727,1058
34_072020-09-08 14-12-22-542-2.png,1920,1080,person,261,38,1088,927
34_072020-09-08 14-12-53-573-3.png,1920,1080,person,939,391,1891,1027
35_022020-09-08 17-16-27-587-1.png,1920,1080,person,241,164,1146,768
35_022020-09-08 17-16-32-592-2.png,1920,1080,person,109,95,974,729
35_022020-09-08 17-16-37-597-3.png,1920,1080,person,1036,155,1900,700
35_022020-09-08 17-16-51-611-4.png,1920,1080,person,234,145,909,829
35_022020-09-08 17-16-51-611-4.png,1920,1080,person,1102,151,1904,785
35_022020-09-08 17-17-01-621-5.png,1920,1080,person,143,58,1018,799
35_022020-09-08 17-17-01-621-5.png,1920,1080,person,1088,227,1920,828
35_032020-09-08 16-25-48-548-1.png,1920,1080,person,68,118,1050,891
35_032020-09-08 16-25-48-548-1.png,1920,1080,person,1200,117,1882,840
35_032020-09-08 16-25-58-558-2.png,1920,1080,person,111,123,934,853
35_032020-09-08 17-24-50-090-1.png,1920,1080,person,89,240,1121,950
35_032020-09-08 17-24-55-095-2.png,1920,1080,person,138,164,933,769
35_032020-09-08 17-24-55-095-2.png,1920,1080,person,1220,1,1880,410
35_032020-09-08 17-33-28-608-1.png,1920,1080,person,105,65,1000,926
35_032020-09-09 09-33-05-185-1.png,1920,1080,person,1147,485,1904,1067
35_032020-09-09 10-35-39-939-1.png,1920,1080,person,491,196,1245,808
35_032020-09-09 10-35-46-946-2.png,1920,1080,person,111,377,913,905
35_032020-09-09 10-35-57-957-3.png,1920,1080,person,41,195,852,701
35_032020-09-09 10-35-57-957-3.png,1920,1080,person,1070,44,1855,633
35_032020-09-09 10-36-04-964-4.png,1920,1080,person,82,47,841,736
35_032020-09-09 10-36-33-993-5.png,1920,1080,person,974,215,1809,873
35_042020-09-08 15-47-41-261-1.png,1920,1080,person,1120,90,1878,794
35_042020-09-08 16-09-22-562-1.png,1920,1080,person,1020,200,1901,844
35_052020-09-03 10-44-33-073-1.png,1920,1080,person,228,108,1089,872
35_052020-09-03 10-44-33-073-1.png,1920,1080,person,1114,92,1889,697
35_062020-09-08 12-12-55-375-1.png,1920,1080,person,420,155,1238,833
35_072020-09-08 14-14-23-663-1.png,1920,1080,person,73,226,980,967
36_032020-09-08 16-26-15-575-1.png,1920,1080,person,924,92,1882,868
36_032020-09-09 10-31-00-660-1.png,1920,1080,person,229,188,1037,865
36_052020-09-07 12-00-01-201-1.png,1920,1080,person,395,158,1018,733
36_052020-09-07 12-00-01-201-1.png,1920,1080,person,1119,18,1816,546
36_052020-09-07 12-00-44-244-2.png,1920,1080,person,304,388,1268,1028
36_052020-09-07 12-00-51-251-3.png,1920,1080,person,136,13,939,723
36_052020-09-07 12-00-51-251-3.png,1920,1080,person,1073,432,1828,1080
36_052020-09-07 16-06-09-969-1.png,1920,1080,person,79,115,915,804
36_052020-09-07 16-06-09-969-1.png,1920,1080,person,987,8,1850,514
36_052020-09-07 16-06-17-977-2.png,1920,1080,person,151,70,766,700
36_052020-09-07 16-06-17-977-2.png,1920,1080,person,956,249,1638,915
36_052020-09-08 12-43-29-209-1.png,1920,1080,person,764,256,1610,847
36_062020-09-02 10-53-02-182-1.png,1920,1080,person,693,24,1773,881
36_062020-09-02 10-53-21-201-2.png,1920,1080,person,146,3,950,782
36_062020-09-02 10-53-31-211-3.png,1920,1080,person,287,111,1107,737
36_062020-09-02 10-53-48-228-4.png,1920,1080,person,146,164,1164,772
36_062020-09-02 11-34-50-690-1.png,1920,1080,person,98,165,793,760
36_062020-09-03 10-14-58-298-1.png,1920,1080,person,632,165,1374,751
37_022020-09-09 09-22-58-578-1.png,1920,1080,person,256,173,995,876
37_032020-09-09 10-36-55-015-1.png,1920,1080,person,1068,9,1905,579
37_032020-09-09 10-37-08-028-2.png,1920,1080,person,68,174,778,822
37_032020-09-09 10-37-13-033-3.png,1920,1080,person,224,145,939,824
37_032020-09-09 10-37-20-040-4.png,1920,1080,person,386,79,1504,936
37_052020-08-28 17-16-56-216-1.png,1920,1080,person,11,187,702,672
37_052020-09-03 10-54-16-656-1.png,1920,1080,person,146,236,854,831
37_062020-09-08 14-25-12-312-1.png,1920,1080,person,156,119,816,782
37_062020-09-08 14-25-21-321-2.png,1920,1080,person,338,141,988,838
38_032020-09-08 17-39-31-971-1.png,1920,1080,person,388,160,1321,705
38_052020-09-07 16-06-38-998-1.png,1920,1080,person,39,105,942,814
38_052020-09-07 16-06-38-998-1.png,1920,1080,person,1075,26,1878,681
38_052020-09-07 16-06-59-019-2.png,1920,1080,person,484,272,1211,1001
38_052020-09-07 16-06-59-019-2.png,1920,1080,person,965,8,1710,541
38_052020-09-08 10-41-12-872-1.png,1920,1080,person,525,187,1770,1070
38_052020-09-08 10-41-17-877-2.png,1920,1080,person,483,165,1146,736
38_052020-09-08 10-41-24-884-3.png,1920,1080,person,246,206,1252,997
38_052020-09-08 10-41-33-893-4.png,1920,1080,person,113,24,670,578
38_052020-09-08 10-41-33-893-4.png,1920,1080,person,693,282,1384,906
38_052020-09-08 14-15-11-711-1.png,1920,1080,person,41,188,948,1080
38_062020-09-02 11-35-17-717-1.png,1920,1080,person,365,113,1206,795
38_062020-09-02 11-35-24-724-2.png,1920,1080,person,279,186,1070,741
38_062020-09-08 14-25-38-338-1.png,1920,1080,person,1074,37,1729,854
39_032020-09-09 09-34-11-251-1.png,1920,1080,person,332,28,1050,722
39_032020-09-09 09-34-11-251-1.png,1920,1080,person,1123,340,1645,982
39_032020-09-09 09-34-21-261-2.png,1920,1080,person,36,411,678,953
39_032020-09-09 09-34-21-261-2.png,1920,1080,person,1115,522,1871,1080
39_032020-09-09 09-34-21-261-2.png,1920,1080,person,320,9,1128,685
39_032020-09-09 09-34-28-268-3.png,1920,1080,person,234,155,1106,814
39_032020-09-09 09-34-28-268-3.png,1920,1080,person,1071,517,1920,1080
39_032020-09-09 09-34-33-273-4.png,1920,1080,person,306,153,1054,919
39_032020-09-09 09-34-39-279-5.png,1920,1080,person,470,201,1110,841
39_032020-09-09 10-31-53-713-1.png,1920,1080,person,10,5,945,754
39_032020-09-09 10-31-53-713-1.png,1920,1080,person,1007,423,1765,1044
39_032020-09-09 10-31-58-718-2.png,1920,1080,person,864,56,1587,705
39_032020-09-09 10-32-06-726-3.png,1920,1080,person,525,54,1278,706
39_032020-09-09 10-32-13-733-4.png,1920,1080,person,69,132,729,647
39_032020-09-09 10-37-43-063-1.png,1920,1080,person,296,223,1047,868
39_032020-09-09 10-37-49-069-2.png,1920,1080,person,395,236,1079,963
39_032020-09-09 10-37-56-076-3.png,1920,1080,person,365,77,1089,867
39_032020-09-09 10-37-56-076-3.png,1920,1080,person,1116,206,1866,783
39_042020-09-08 15-48-54-334-1.png,1920,1080,person,183,132,1195,838
39_042020-09-08 16-02-04-124-1.png,1920,1080,person,300,174,1109,760
39_042020-09-08 16-02-13-133-2.png,1920,1080,person,1189,176,1920,803
39_042020-09-08 16-02-32-152-3.png,1920,1080,person,243,129,1084,823
39_042020-09-08 16-02-32-152-3.png,1920,1080,person,1228,220,1893,773
39_042020-09-08 16-04-39-279-1.png,1920,1080,person,296,217,1257,767
39_042020-09-08 16-10-14-614-1.png,1920,1080,person,1136,50,1910,653
39_052020-09-03 10-55-21-721-1.png,1920,1080,person,842,128,1624,814
39_052020-09-03 10-55-40-740-2.png,1920,1080,person,116,273,832,709
39_052020-09-07 12-01-55-315-1.png,1920,1080,person,409,132,1188,840
39_062020-09-08 12-44-04-244-1.png,1920,1080,person,877,399,1904,1046
39_062020-09-08 12-44-04-244-1.png,1920,1080,person,1047,10,1851,433
40_032020-09-08 17-17-30-650-1.png,1920,1080,person,727,155,1584,759
40_032020-09-09 09-05-09-509-1.png,1920,1080,person,654,146,1759,1079
40_032020-09-09 10-38-23-103-1.png,1920,1080,person,129,28,1001,672
40_032020-09-09 10-38-23-103-1.png,1920,1080,person,1123,219,1845,976
40_032020-09-09 10-38-30-110-2.png,1920,1080,person,145,313,928,928
40_032020-09-09 10-38-39-119-3.png,1920,1080,person,211,319,739,892
40_032020-09-09 10-38-39-119-3.png,1920,1080,person,966,586,1414,972
40_042020-09-03 10-15-18-318-1.png,1920,1080,person,1000,151,1843,832
40_042020-09-08 16-03-12-192-1.png,1920,1080,person,737,5,1641,731
40_042020-09-08 16-03-19-199-2.png,1920,1080,person,789,67,1468,842
40_042020-09-08 16-11-16-676-1.png,1920,1080,person,387,111,1154,773
40_042020-09-08 16-11-16-676-1.png,1920,1080,person,1232,187,1895,815
40_042020-09-08 16-11-22-682-2.png,1920,1080,person,56,127,1073,894
40_042020-09-08 16-11-22-682-2.png,1920,1080,person,1243,70,1892,659
40_052020-08-28 17-15-30-130-1.png,1920,1080,person,416,73,1292,833
40_052020-09-04 16-31-58-318-1.png,1920,1080,person,374,285,1002,790
40_052020-09-07 12-02-27-347-1.png,1920,1080,person,632,217,1719,1068
40_052020-09-07 12-02-38-358-2.png,1920,1080,person,406,287,1130,919
40_052020-09-07 12-02-46-366-3.png,1920,1080,person,328,476,919,1041
40_052020-09-07 12-02-46-366-3.png,1920,1080,person,679,11,1280,424
40_052020-09-07 12-02-46-366-3.png,1920,1080,person,1352,1,1837,504
40_052020-09-07 12-03-34-414-4.png,1920,1080,person,584,445,1075,844
40_052020-09-07 12-03-34-414-4.png,1920,1080,person,696,10,1423,423
40_052020-09-08 14-15-36-736-1.png,1920,1080,person,489,91,1257,747
40_062020-09-02 10-54-52-292-1.png,1920,1080,person,93,223,1147,782
40_062020-09-02 10-55-00-300-2.png,1920,1080,person,156,285,1037,833
40_062020-09-02 10-55-09-309-3.png,1920,1080,person,304,154,852,759
40_062020-09-02 10-55-09-309-3.png,1920,1080,person,1074,140,1829,696
40_062020-09-02 10-55-35-335-4.png,1920,1080,person,119,73,786,724
40_062020-09-02 10-55-35-335-4.png,1920,1080,person,937,191,1611,815
40_062020-09-02 10-56-09-369-5.png,1920,1080,person,437,173,1619,892
40_062020-09-03 10-45-04-104-1.png,1920,1080,person,1088,72,1873,644
40_062020-09-08 12-14-07-447-1.png,1920,1080,person,1010,415,1821,1051
40_062020-09-08 12-44-34-274-1.png,1920,1080,person,577,365,1465,1080
40_062020-09-08 12-44-34-274-1.png,1920,1080,person,33,37,921,549
40_062020-09-08 12-44-49-289-2.png,1920,1080,person,884,149,1796,870
41_042020-09-04 16-32-52-372-1.png,1920,1080,person,520,237,1242,906
41_042020-09-04 16-32-58-378-2.png,1920,1080,person,527,291,1279,923
41_042020-09-04 16-33-07-387-3.png,1920,1080,person,329,118,1152,885
41_042020-09-04 16-33-15-395-4.png,1920,1080,person,771,170,1704,1017
41_042020-09-04 16-33-15-395-4.png,1920,1080,person,30,15,683,491
41_042020-09-08 16-10-45-645-1.png,1920,1080,person,1127,94,1828,853
41_052020-08-28 17-15-05-105-1.png,1920,1080,person,983,108,1700,742
41_052020-08-28 17-15-05-105-1.png,1920,1080,person,387,177,1055,864
41_052020-09-07 14-52-19-539-1.png,1920,1080,person,25,15,738,529
41_052020-09-07 14-52-56-576-2.png,1920,1080,person,56,4,771,703
41_052020-09-08 10-42-49-969-1.png,1920,1080,person,15,13,691,650
41_052020-09-08 10-42-55-975-2.png,1920,1080,person,156,246,1015,963
41_062020-09-02 11-35-53-753-1.png,1920,1080,person,166,141,1001,801
41_062020-09-08 12-14-28-468-1.png,1920,1080,person,257,96,1320,922
42_032020-09-08 17-17-47-667-1.png,1920,1080,person,570,92,1400,932
42_032020-09-08 17-17-59-679-2.png,1920,1080,person,127,167,852,749
42_032020-09-08 17-17-59-679-2.png,1920,1080,person,996,114,1677,690
42_032020-09-08 17-25-26-126-1.png,1920,1080,person,470,106,1315,794
42_032020-09-08 17-45-12-312-1.png,1920,1080,person,592,268,1369,822
42_032020-09-08 17-45-25-325-2.png,1920,1080,person,478,69,1614,745
42_032020-09-08 17-45-31-331-3.png,1920,1080,person,347,164,1080,845
42_032020-09-08 17-45-31-331-3.png,1920,1080,person,1169,31,1883,569
42_032020-09-08 17-45-41-341-4.png,1920,1080,person,378,164,1086,826
42_032020-09-08 17-45-41-341-4.png,1920,1080,person,1083,70,1911,700
42_052020-09-03 10-15-59-359-1.png,1920,1080,person,1037,27,1793,685
42_052020-09-07 12-05-24-524-1.png,1920,1080,person,33,13,965,711
42_052020-09-07 12-05-24-524-1.png,1920,1080,person,1104,435,1802,913
42_052020-09-07 12-05-32-532-2.png,1920,1080,person,465,340,992,741
42_052020-09-08 14-16-12-772-1.png,1920,1080,person,814,122,1779,883
42_062020-09-08 12-15-02-502-1.png,1920,1080,person,118,87,847,799
42_062020-09-08 12-15-02-502-1.png,1920,1080,person,970,204,1713,961
42_062020-09-08 12-15-21-521-2.png,1920,1080,person,38,73,759,838
42_062020-09-08 12-15-21-521-2.png,1920,1080,person,1068,623,1691,1033
42_062020-09-08 12-15-21-521-2.png,1920,1080,person,800,28,1309,508
42_062020-09-08 12-15-32-532-3.png,1920,1080,person,166,20,1071,715
42_062020-09-08 12-15-32-532-3.png,1920,1080,person,1132,459,1811,1045
42_062020-09-08 12-15-32-532-3.png,1920,1080,person,1224,20,1882,508
43_022020-08-31 16-40-07-207-1.png,1920,1080,person,37,77,942,729
43_022020-08-31 16-40-50-250-2.png,1920,1080,person,356,132,1287,967
43_022020-08-31 16-41-00-260-3.png,1920,1080,person,424,53,1178,667
43_022020-08-31 16-41-22-282-4.png,1920,1080,person,650,99,1497,878
43_022020-08-31 16-41-50-310-5.png,1920,1080,person,360,149,1439,1026
43_022020-09-08 17-18-40-720-1.png,1920,1080,person,1146,129,1910,705
43_022020-09-09 09-24-02-642-1.png,1920,1080,person,69,113,895,783
43_022020-09-09 09-24-02-642-1.png,1920,1080,person,960,433,1780,1018
43_032020-08-31 15-49-00-140-1.png,1920,1080,person,205,126,925,772
43_032020-09-08 17-33-56-636-1.png,1920,1080,person,760,59,1810,672
43_032020-09-09 09-35-10-310-1.png,1920,1080,person,200,200,827,813
43_032020-09-09 09-35-10-310-1.png,1920,1080,person,1147,104,1913,772
43_032020-09-09 10-32-56-776-1.png,1920,1080,person,442,105,1238,699
43_042020-08-31 15-35-55-355-1.png,1920,1080,person,36,318,733,937
43_042020-08-31 15-36-37-397-2.png,1920,1080,person,43,382,832,1045
43_042020-09-08 15-34-53-493-1.png,1920,1080,person,488,92,1387,754
43_052020-09-04 16-34-16-456-1.png,1920,1080,person,833,44,1920,905
43_052020-09-04 16-34-27-467-2.png,1920,1080,person,10,18,724,844
43_052020-09-07 12-06-36-596-1.png,1920,1080,person,424,35,1097,719
43_052020-09-07 12-06-36-596-1.png,1920,1080,person,1169,47,1877,669
43_052020-09-07 12-06-47-607-2.png,1920,1080,person,1,9,460,417
43_052020-09-07 12-06-47-607-2.png,1920,1080,person,593,17,1666,644
43_052020-09-07 12-06-51-611-3.png,1920,1080,person,121,29,833,679
43_052020-09-07 12-07-04-624-4.png,1920,1080,person,515,159,1352,682
43_052020-09-07 12-07-12-632-5.png,1920,1080,person,134,185,743,899
43_052020-09-07 12-07-12-632-5.png,1920,1080,person,1183,460,1902,1055
43_052020-09-08 10-43-36-016-1.png,1920,1080,person,686,210,1434,947
43_052020-09-08 14-17-01-821-1.png,1920,1080,person,92,197,832,713
44_022020-08-31 16-42-12-332-1.png,1920,1080,person,677,145,1366,819
44_022020-08-31 16-42-12-332-1.png,1920,1080,person,32,81,647,972
44_022020-08-31 16-42-12-332-1.png,1920,1080,person,1414,260,1916,872
44_022020-08-31 16-42-50-370-2.png,1920,1080,person,552,133,1300,845
44_022020-08-31 16-43-53-433-4.png,1920,1080,person,165,350,995,946
44_022020-09-09 09-24-54-694-1.png,1920,1080,person,69,111,801,696
44_032020-09-08 17-34-28-668-1.png,1920,1080,person,100,126,886,732
44_032020-09-09 09-05-26-526-1.png,1920,1080,person,164,64,1188,872
44_032020-09-09 09-05-34-534-2.png,1920,1080,person,647,63,1278,700
44_032020-09-09 10-08-31-311-1.png,1920,1080,person,77,227,736,1022
44_032020-09-09 10-08-37-317-2.png,1920,1080,person,327,146,992,711
44_032020-09-09 10-08-37-317-2.png,1920,1080,person,1084,435,1825,1080
44_042020-09-04 16-34-38-478-1.png,1920,1080,person,409,174,1206,894
44_042020-09-08 15-55-20-720-1.png,1920,1080,person,223,122,1245,755
44_052020-09-03 10-16-24-384-1.png,1920,1080,person,597,185,1446,870
44_052020-09-03 10-27-03-023-1.png,1920,1080,person,782,169,1492,831
44_052020-09-03 10-27-50-070-2.png,1920,1080,person,1192,105,1869,817
44_062020-09-02 11-08-01-081-1.png,1920,1080,person,433,158,1120,664
44_062020-09-08 12-16-14-574-1.png,1920,1080,person,307,155,1159,896
44_062020-09-08 12-47-12-432-1.png,1920,1080,person,406,56,1025,709
44_062020-09-08 12-47-12-432-1.png,1920,1080,person,1224,301,1900,940
44_062020-09-08 12-47-19-439-2.png,1920,1080,person,137,263,791,1005
45_022020-08-31 16-45-10-510-2.png,1920,1080,person,410,310,1406,997
45_022020-09-08 17-19-09-749-1.png,1920,1080,person,333,46,1230,765
45_032020-09-08 15-26-06-966-1.png,1920,1080,person,18,265,721,776
45_032020-09-08 17-46-21-381-1.png,1920,1080,person,106,188,851,840
45_032020-09-09 10-33-23-803-1.png,1920,1080,person,630,272,1496,1006
45_032020-09-09 10-33-32-812-2.png,1920,1080,person,670,318,1420,961
45_032020-09-09 10-33-32-812-2.png,1920,1080,person,111,9,1088,469
45_032020-09-09 10-39-06-146-1.png,1920,1080,person,364,215,1088,835
45_032020-09-09 10-39-06-146-1.png,1920,1080,person,1034,505,1721,1080
45_032020-09-09 10-39-16-156-2.png,1920,1080,person,713,170,1582,861
45_042020-09-08 15-55-39-739-1.png,1920,1080,person,500,168,1411,865
45_042020-09-08 15-55-44-744-2.png,1920,1080,person,593,173,1515,873
45_042020-09-08 16-13-43-823-1.png,1920,1080,person,745,197,1634,819
45_052020-08-28 17-11-06-866-1.png,1920,1080,person,419,250,1109,947
45_052020-09-03 10-28-56-136-1.png,1920,1080,person,463,94,1055,720
45_052020-09-03 10-28-56-136-1.png,1920,1080,person,1207,181,1893,779
45_052020-09-03 10-29-49-189-3.png,1920,1080,person,221,164,814,701
45_052020-09-03 10-29-49-189-3.png,1920,1080,person,905,213,1620,786
45_052020-09-03 10-30-08-208-4.png,1920,1080,person,463,147,1243,779
45_052020-09-03 10-30-08-208-4.png,1920,1080,person,1224,26,1910,487
45_052020-09-03 10-31-23-283-5.png,1920,1080,person,589,186,1288,841
45_052020-09-03 10-32-02-322-6.png,1920,1080,person,183,186,910,760
45_052020-09-03 10-32-31-351-7.png,1920,1080,person,205,146,1036,814
45_052020-09-07 12-08-09-689-1.png,1920,1080,person,125,132,1014,772
45_052020-09-08 10-44-57-097-1.png,1920,1080,person,9,5,830,664
45_052020-09-08 10-44-57-097-1.png,1920,1080,person,1018,350,1710,1040
45_052020-09-08 14-26-04-364-1.png,1920,1080,person,46,126,748,729
45_062020-09-02 10-40-01-401-1.png,1920,1080,person,1054,32,1891,768
45_062020-09-02 10-57-35-455-1.png,1920,1080,person,504,13,1477,838
45_062020-09-02 11-36-30-790-1.png,1920,1080,person,318,142,1366,813
45_062020-09-02 11-36-45-805-2.png,1920,1080,person,415,304,991,797
45_062020-09-02 11-36-45-805-2.png,1920,1080,person,1159,24,1910,436
45_062020-09-08 12-45-53-353-1.png,1920,1080,person,1210,82,1883,667
45_062020-09-08 12-45-59-359-2.png,1920,1080,person,115,42,888,1001
45_062020-09-08 12-46-15-375-3.png,1920,1080,person,114,49,888,846
45_062020-09-08 12-46-32-392-4.png,1920,1080,person,273,104,945,913
45_062020-09-08 12-46-32-392-4.png,1920,1080,person,1011,117,1841,636
46_022020-09-09 09-25-27-727-1.png,1920,1080,person,665,91,1557,754
46_032020-09-09 10-34-08-848-1.png,1920,1080,person,874,233,1770,960
46_032020-09-09 10-34-21-861-2.png,1920,1080,person,36,413,1004,988
46_032020-09-09 10-34-21-861-2.png,1920,1080,person,428,24,1175,497
46_032020-09-09 10-34-26-866-3.png,1920,1080,person,1,5,873,685
46_042020-09-08 15-35-09-509-1.png,1920,1080,person,64,270,889,782
46_042020-09-08 16-03-49-229-1.png,1920,1080,person,28,124,814,696
46_042020-09-08 16-03-49-229-1.png,1920,1080,person,955,26,1770,799
46_042020-09-08 16-13-57-837-1.png,1920,1080,person,451,154,1233,904
46_042020-09-08 16-14-03-843-2.png,1920,1080,person,509,88,1233,920
46_042020-09-08 16-14-03-843-2.png,1920,1080,person,1174,309,1746,951
46_052020-08-28 14-43-06-986-1.png,1920,1080,person,314,181,1115,1011
46_052020-08-28 15-01-22-082-1.png,1920,1080,person,530,6,1373,805
46_052020-08-28 17-08-19-699-1.png,1920,1080,person,55,55,1089,769
46_052020-09-07 11-23-18-998-1.png,1920,1080,person,465,187,1232,785
46_052020-09-07 11-23-28-008-2.png,1920,1080,person,271,418,1011,965
46_052020-09-07 11-23-28-008-2.png,1920,1080,person,739,199,1302,674
46_052020-09-07 11-23-37-017-3.png,1920,1080,person,388,24,1106,705
46_062020-09-02 10-40-32-432-1.png,1920,1080,person,215,187,947,717
46_062020-09-02 10-41-07-467-2.png,1920,1080,person,513,228,1111,640
46_062020-09-02 10-41-07-467-2.png,1920,1080,person,1195,303,1825,822
46_062020-09-02 11-26-48-208-1.png,1920,1080,person,284,133,993,735
46_062020-09-02 11-27-03-223-2.png,1920,1080,person,400,176,1337,808
46_062020-09-08 12-16-51-611-1.png,1920,1080,person,780,383,1524,1036
46_062020-09-08 12-16-51-611-1.png,1920,1080,person,987,1,1716,473
46_062020-09-08 12-47-44-464-1.png,1920,1080,person,55,95,796,803
47_022020-08-31 16-47-00-620-1.png,1920,1080,person,759,70,1747,960
47_032020-09-09 09-06-02-562-1.png,1920,1080,person,71,218,718,808
47_032020-09-09 10-11-15-475-1.png,1920,1080,person,57,199,791,727
47_032020-09-09 10-11-31-491-2.png,1920,1080,person,42,1,847,591
47_042020-09-08 16-14-31-871-1.png,1920,1080,person,1109,64,1920,708
47_052020-09-03 10-33-51-431-1.png,1920,1080,person,898,226,1866,954
47_072020-09-08 12-18-05-685-1.png,1920,1080,person,628,45,1300,727
47_072020-09-08 12-18-18-698-2.png,1920,1080,person,234,320,846,924
48_022020-09-08 18-04-57-497-1.png,1920,1080,person,170,308,743,838
48_022020-09-08 18-04-57-497-1.png,1920,1080,person,695,226,1275,710
48_022020-09-08 18-05-03-503-2.png,1920,1080,person,492,104,1637,767
48_032020-09-08 15-26-26-986-1.png,1920,1080,person,47,218,897,742
48_032020-09-08 17-46-37-397-1.png,1920,1080,person,934,74,1730,714
48_032020-09-09 09-25-53-753-1.png,1920,1080,person,196,126,970,658
48_032020-09-09 09-37-17-437-1.png,1920,1080,person,128,27,1148,747
48_032020-09-09 09-37-28-448-2.png,1920,1080,person,593,197,1251,895
48_032020-09-09 10-12-15-535-1.png,1920,1080,person,620,364,1337,887
48_032020-09-09 10-12-15-535-1.png,1920,1080,person,713,27,1566,478
48_032020-09-09 10-12-20-540-2.png,1920,1080,person,570,95,1354,874
48_042020-09-08 15-35-17-517-1.png,1920,1080,person,886,54,1679,754
48_052020-08-28 17-06-02-562-1.png,1920,1080,person,338,301,1030,944
48_052020-08-28 17-06-30-590-2.png,1920,1080,person,160,247,1124,963
48_052020-09-03 10-34-45-485-1.png,1920,1080,person,850,201,1565,849
48_052020-09-03 10-46-46-206-1.png,1920,1080,person,206,100,905,767
48_052020-09-03 10-47-06-226-2.png,1920,1080,person,371,59,1150,699
48_052020-09-07 11-24-35-075-1.png,1920,1080,person,215,105,939,727
48_052020-09-07 11-24-43-083-2.png,1920,1080,person,304,72,932,768
48_052020-09-07 11-24-43-083-2.png,1920,1080,person,920,227,1866,1006
48_052020-09-07 11-24-47-087-3.png,1920,1080,person,311,94,1032,697
48_052020-09-07 11-25-11-111-4.png,1920,1080,person,574,101,1188,774
48_052020-09-07 11-25-27-127-5.png,1920,1080,person,37,128,866,861
48_052020-09-07 12-15-23-123-1.png,1920,1080,person,697,131,1301,870
48_052020-09-07 12-15-36-136-2.png,1920,1080,person,433,258,1205,965
48_052020-09-07 12-15-44-144-3.png,1920,1080,person,121,409,1125,1037
48_062020-09-02 10-42-55-575-1.png,1920,1080,person,1180,85,1896,655
48_062020-09-02 10-59-30-570-1.png,1920,1080,person,537,37,1763,654
49_032020-09-08 17-34-51-691-1.png,1920,1080,person,463,178,1347,779
49_032020-09-09 09-26-02-762-1.png,1920,1080,person,425,168,1164,804
49_032020-09-09 10-39-36-176-1.png,1920,1080,person,497,90,1278,795
49_032020-09-09 10-39-43-183-2.png,1920,1080,person,805,163,1528,900
49_032020-09-09 10-39-47-187-3.png,1920,1080,person,450,83,1311,956
49_042020-08-31 16-21-34-094-1.png,1920,1080,person,341,61,987,681
49_042020-08-31 16-21-34-094-1.png,1920,1080,person,30,91,487,778
49_042020-09-08 15-35-34-534-1.png,1920,1080,person,104,114,780,761
49_042020-09-08 15-35-42-542-2.png,1920,1080,person,783,135,1825,929
49_042020-09-08 16-16-27-987-1.png,1920,1080,person,816,124,1671,717
49_052020-09-03 10-47-26-246-1.png,1920,1080,person,345,106,1051,786
49_052020-09-03 10-47-32-252-2.png,1920,1080,person,128,87,764,690
49_052020-09-03 10-48-06-286-3.png,1920,1080,person,282,277,886,745
49_052020-09-07 14-53-36-616-1.png,1920,1080,person,486,58,1229,700
49_052020-09-07 14-53-47-627-2.png,1920,1080,person,439,22,1260,861
50_032020-08-31 16-47-33-653-1.png,1920,1080,person,32,36,764,513
50_032020-08-31 16-47-58-678-2.png,1920,1080,person,75,72,845,678
50_032020-08-31 16-47-58-678-2.png,1920,1080,person,845,442,1634,1080
50_032020-09-08 15-29-58-198-1.png,1920,1080,person,84,238,1039,869
50_032020-09-08 17-46-54-414-1.png,1920,1080,person,113,105,868,841
50_032020-09-09 09-06-49-609-1.png,1920,1080,person,224,305,978,965
50_032020-09-09 09-06-56-616-2.png,1920,1080,person,21,64,795,770
50_032020-09-09 10-40-03-203-1.png,1920,1080,person,346,292,1096,1036
50_032020-09-09 10-40-10-210-2.png,1920,1080,person,321,141,895,692
50_032020-09-09 10-40-10-210-2.png,1920,1080,person,952,367,1809,1050
50_032020-09-09 10-40-14-214-3.png,1920,1080,person,119,86,995,1019
50_052020-08-28 17-04-42-482-1.png,1920,1080,person,513,291,1451,1015
50_052020-09-03 10-35-50-550-1.png,1920,1080,person,786,188,1645,774
50_052020-09-07 11-27-04-224-1.png,1920,1080,person,478,414,1179,1044
50_052020-09-07 11-27-04-224-1.png,1920,1080,person,628,97,1115,526
50_052020-09-07 12-17-00-220-1.png,1920,1080,person,332,390,1091,965
50_052020-09-07 12-17-13-233-2.png,1920,1080,person,568,26,1484,1006
50_052020-09-07 12-17-18-238-3.png,1920,1080,person,80,224,1002,987
50_062020-09-02 10-43-53-633-1.png,1920,1080,person,779,227,1052,646
50_062020-09-02 10-43-53-633-1.png,1920,1080,person,1057,165,1609,744
50_062020-09-08 14-17-15-835-1.png,1920,1080,person,464,336,1324,981
50_072020-09-08 12-48-39-519-1.png,1920,1080,person,597,233,1418,995
50_072020-09-08 12-48-48-528-2.png,1920,1080,person,459,186,1370,996
51_022020-09-09 09-26-48-808-1.png,1920,1080,person,448,100,1275,761
51_022020-09-09 09-26-54-814-2.png,1920,1080,person,465,133,1457,894
51_032020-09-08 17-26-23-183-1.png,1920,1080,person,41,313,780,854
51_032020-09-08 17-26-23-183-1.png,1920,1080,person,975,87,1713,600
51_032020-09-08 17-26-40-200-2.png,1920,1080,person,474,268,1124,823
51_032020-09-08 17-26-54-214-3.png,1920,1080,person,337,150,1143,810
51_032020-09-08 17-27-10-230-4.png,1920,1080,person,59,247,986,817
51_032020-09-09 10-22-44-164-1.png,1920,1080,person,620,295,1457,982
51_042020-09-08 15-36-06-566-1.png,1920,1080,person,124,236,934,915
51_042020-09-08 15-36-59-619-1.png,1920,1080,person,692,154,1551,742
51_042020-09-08 15-49-34-374-1.png,1920,1080,person,1016,64,1704,728
51_042020-09-08 15-56-11-771-1.png,1920,1080,person,618,181,1528,945
51_052020-09-03 10-36-08-568-1.png,1920,1080,person,1029,73,1920,745
51_052020-09-03 10-49-29-369-1.png,1920,1080,person,166,345,1024,958
51_052020-09-08 10-46-20-180-1.png,1920,1080,person,480,32,1593,688
51_052020-09-08 10-46-27-187-2.png,1920,1080,person,546,186,1332,796
51_072020-09-08 12-49-37-577-1.png,1920,1080,person,93,35,969,691
52_022020-09-08 16-26-47-607-1.png,1920,1080,person,882,61,1765,647
52_022020-09-08 18-06-12-572-1.png,1920,1080,person,1034,236,1907,878
52_032020-08-31 16-49-27-767-1.png,1920,1080,person,324,190,1301,1042
52_032020-08-31 16-50-12-812-2.png,1920,1080,person,407,333,1259,1080
52_032020-08-31 16-51-17-877-3.png,1920,1080,person,111,333,1080,964
52_032020-09-08 17-27-26-246-1.png,1920,1080,person,1015,141,1887,861
52_032020-09-08 17-27-33-253-2.png,1920,1080,person,859,101,1816,801
52_032020-09-08 17-27-41-261-3.png,1920,1080,person,448,54,1302,723
52_032020-09-08 17-27-51-271-4.png,1920,1080,person,261,194,1024,822
52_032020-09-08 17-35-38-738-1.png,1920,1080,person,14,44,901,820
52_032020-09-08 17-50-12-612-1.png,1920,1080,person,496,105,1491,727
52_032020-09-09 09-00-35-235-1.png,1920,1080,person,257,173,1147,873
52_032020-09-09 09-07-22-642-1.png,1920,1080,person,115,33,730,681
52_032020-09-09 09-07-32-652-2.png,1920,1080,person,348,88,1170,926
52_032020-09-09 09-07-38-658-3.png,1920,1080,person,414,118,1118,905
52_032020-09-09 09-07-44-664-4.png,1920,1080,person,332,53,1096,832
52_032020-09-09 09-07-44-664-4.png,1920,1080,person,1146,497,1842,1080
52_032020-09-09 09-07-52-672-5.png,1920,1080,person,100,123,768,867
52_032020-09-09 09-07-52-672-5.png,1920,1080,person,946,88,1916,711
52_032020-09-09 09-37-37-457-1.png,1920,1080,person,418,205,1068,897
52_032020-09-09 09-37-44-464-2.png,1920,1080,person,102,37,819,603
52_032020-09-09 09-37-44-464-2.png,1920,1080,person,1109,435,1911,974
52_032020-09-09 10-40-28-228-1.png,1920,1080,person,113,244,737,788
52_032020-09-09 10-40-35-235-2.png,1920,1080,person,234,277,950,910
52_052020-08-28 17-02-29-349-1.png,1920,1080,person,361,87,1096,674
52_052020-09-07 11-27-51-271-1.png,1920,1080,person,55,245,905,838
52_052020-09-07 11-27-51-271-1.png,1920,1080,person,943,338,1704,1042
52_052020-09-07 11-28-07-287-2.png,1920,1080,person,273,91,1230,855
52_052020-09-07 12-18-09-289-1.png,1920,1080,person,1041,91,1920,756
52_052020-09-08 10-45-43-143-1.png,1920,1080,person,113,137,1014,940
52_052020-09-08 10-45-43-143-1.png,1920,1080,person,1205,436,1877,981
52_062020-09-02 11-37-19-839-1.png,1920,1080,person,945,63,1805,674
52_062020-09-02 11-37-40-860-2.png,1920,1080,person,421,64,1296,753
52_062020-09-08 14-26-26-386-1.png,1920,1080,person,784,77,1592,849
52_072020-09-08 12-50-18-618-1.png,1920,1080,person,979,241,1904,937
53_022020-08-31 16-22-40-160-1.png,1920,1080,person,151,45,913,682
53_032020-09-08 17-28-22-302-1.png,1920,1080,person,79,270,979,901
53_032020-09-08 17-28-22-302-1.png,1920,1080,person,889,55,1795,686
53_032020-09-09 10-40-53-253-1.png,1920,1080,person,254,173,960,864
53_032020-09-09 10-40-53-253-1.png,1920,1080,person,879,15,1624,642
53_032020-09-09 10-40-59-259-2.png,1920,1080,person,691,385,1495,1061
53_032020-09-09 10-41-05-265-3.png,1920,1080,person,1193,535,1910,1051
53_032020-09-09 10-41-05-265-3.png,1920,1080,person,547,79,1438,863
53_042020-08-31 15-38-29-509-1.png,1920,1080,person,10,138,791,756
53_042020-09-07 11-27-31-251-1.png,1920,1080,person,841,81,1586,695
53_052020-09-03 10-17-07-427-1.png,1920,1080,person,255,178,963,754
53_052020-09-07 14-55-12-712-1.png,1920,1080,person,65,163,674,819
53_052020-09-07 14-55-12-712-1.png,1920,1080,person,896,56,1691,896
53_052020-09-07 14-55-24-724-2.png,1920,1080,person,83,251,898,1019
53_052020-09-08 12-50-56-656-1.png,1920,1080,person,366,59,1179,846
53_062020-09-02 11-00-45-645-1.png,1920,1080,person,146,273,1056,847
53_062020-09-02 11-08-28-108-1.png,1920,1080,person,706,22,1647,704
53_062020-09-02 11-08-37-117-2.png,1920,1080,person,382,110,1137,714
53_062020-09-02 11-09-13-153-3.png,1920,1080,person,89,269,796,785
53_062020-09-02 11-09-13-153-3.png,1920,1080,person,1048,91,1842,618
53_062020-09-03 10-37-00-620-1.png,1920,1080,person,730,118,1692,778
53_062020-09-03 10-37-13-633-2.png,1920,1080,person,652,100,1423,754
54_022020-08-31 16-23-33-213-1.png,1920,1080,person,43,68,568,661
54_022020-08-31 16-23-33-213-1.png,1920,1080,person,888,373,1788,949
54_022020-09-09 09-27-10-830-1.png,1920,1080,person,251,138,1007,756
54_022020-09-09 09-27-16-836-2.png,1920,1080,person,678,367,1624,933
54_022020-09-09 09-27-23-843-3.png,1920,1080,person,536,437,1313,1080
54_022020-09-09 09-27-23-843-3.png,1920,1080,person,347,28,789,449
54_022020-09-09 09-27-31-851-4.png,1920,1080,person,141,113,780,686
54_022020-09-09 09-27-31-851-4.png,1920,1080,person,630,501,1109,954
54_022020-09-09 09-27-31-851-4.png,1920,1080,person,1160,581,1902,1074
54_022020-09-09 09-27-31-851-4.png,1920,1080,person,1047,274,1724,664
54_022020-09-09 09-27-39-859-5.png,1920,1080,person,587,199,1227,914
54_022020-09-09 09-27-39-859-5.png,1920,1080,person,1324,485,1877,882
54_022020-09-09 09-27-39-859-5.png,1920,1080,person,29,15,707,568
54_022020-09-09 09-27-56-876-6.png,1920,1080,person,973,392,1765,918
54_032020-08-31 15-50-02-202-1.png,1920,1080,person,78,94,1064,785
54_032020-08-31 15-50-02-202-1.png,1920,1080,person,1233,682,1906,1070
54_032020-08-31 15-50-02-202-1.png,1920,1080,person,1271,420,1775,753
54_032020-08-31 15-50-47-247-2.png,1920,1080,person,39,123,807,703
54_032020-08-31 15-50-47-247-2.png,1920,1080,person,993,367,1560,641
54_032020-08-31 15-50-47-247-2.png,1920,1080,person,1069,620,1793,1041
54_032020-08-31 15-50-57-257-3.png,1920,1080,person,251,250,993,977
54_032020-08-31 15-50-57-257-3.png,1920,1080,person,1263,411,1791,1058
54_032020-08-31 15-51-04-264-4.png,1920,1080,person,115,292,864,794
54_032020-08-31 15-51-04-264-4.png,1920,1080,person,910,49,1569,667
54_032020-08-31 15-51-17-277-5.png,1920,1080,person,24,227,695,820
54_032020-08-31 15-51-17-277-5.png,1920,1080,person,706,110,1647,1015
54_032020-08-31 16-51-52-912-1.png,1920,1080,person,148,164,959,955
54_032020-08-31 16-52-05-925-2.png,1920,1080,person,66,63,677,738
54_032020-08-31 16-52-05-925-2.png,1920,1080,person,748,308,1769,1074
54_032020-08-31 16-52-28-948-3.png,1920,1080,person,150,155,973,854
54_032020-08-31 16-53-16-996-4.png,1920,1080,person,71,155,770,668
54_032020-08-31 16-53-16-996-4.png,1920,1080,person,683,118,1536,804
54_032020-08-31 16-53-29-009-5.png,1920,1080,person,55,110,993,840
54_032020-08-31 16-53-40-020-6.png,1920,1080,person,60,161,945,985
54_032020-08-31 16-53-40-020-6.png,1920,1080,person,1284,345,1920,985
54_032020-09-08 15-30-20-220-1.png,1920,1080,person,510,164,1400,883
54_032020-09-09 09-08-28-708-1.png,1920,1080,person,64,132,727,686
54_032020-09-09 09-08-36-716-2.png,1920,1080,person,42,270,816,882
54_032020-09-09 09-08-54-734-3.png,1920,1080,person,177,264,839,913
54_032020-09-09 09-08-54-734-3.png,1920,1080,person,882,15,1896,765
54_032020-09-09 10-23-45-225-1.png,1920,1080,person,121,29,856,633
54_032020-09-09 10-23-45-225-1.png,1920,1080,person,923,38,1556,669
54_032020-09-09 10-23-45-225-1.png,1920,1080,person,1296,524,1902,1037
54_032020-09-09 10-23-54-234-2.png,1920,1080,person,113,151,1024,828
54_032020-09-09 10-23-59-239-3.png,1920,1080,person,523,205,1521,863
54_032020-09-09 10-24-07-247-4.png,1920,1080,person,255,9,936,897
54_032020-09-09 10-24-07-247-4.png,1920,1080,person,1095,354,1855,983
54_042020-09-08 15-36-40-600-1.png,1920,1080,person,151,40,975,717
54_042020-09-08 15-36-40-600-1.png,1920,1080,person,1046,170,1873,719
54_042020-09-08 15-37-18-638-1.png,1920,1080,person,410,44,1306,919
54_042020-09-08 15-50-04-404-1.png,1920,1080,person,1039,50,1805,649
54_042020-09-08 15-56-25-785-1.png,1920,1080,person,74,231,989,855
54_042020-09-08 15-56-25-785-1.png,1920,1080,person,998,55,1770,660
54_042020-09-08 15-56-30-790-2.png,1920,1080,person,495,110,1368,769
55_032020-09-08 17-19-26-766-1.png,1920,1080,person,1030,40,1802,856
55_052020-09-03 10-49-51-391-1.png,1920,1080,person,143,170,983,832
55_052020-09-03 10-49-51-391-1.png,1920,1080,person,1013,54,1804,619
55_052020-09-07 12-19-19-359-1.png,1920,1080,person,180,22,661,547
55_052020-09-07 12-19-19-359-1.png,1920,1080,person,493,382,1295,1008
55_052020-09-08 10-46-56-216-1.png,1920,1080,person,209,95,1186,911
55_052020-09-08 10-46-56-216-1.png,1920,1080,person,1256,72,1871,576
55_052020-09-08 10-47-53-273-2.png,1920,1080,person,78,413,701,906
55_052020-09-08 10-47-53-273-2.png,1920,1080,person,951,396,1920,1067
55_052020-09-08 10-47-53-273-2.png,1920,1080,person,25,1,818,510
55_052020-09-08 10-48-07-287-3.png,1920,1080,person,51,45,727,504
55_052020-09-08 10-48-17-297-4.png,1920,1080,person,19,409,860,1020
55_052020-09-08 10-48-17-297-4.png,1920,1080,person,887,53,1718,741
55_052020-09-08 10-48-17-297-4.png,1920,1080,person,19,13,1002,469
55_052020-09-08 12-20-05-805-1.png,1920,1080,person,42,72,797,663
55_062020-09-02 11-38-38-918-1.png,1920,1080,person,505,126,1442,908
55_062020-09-03 10-56-06-766-1.png,1920,1080,person,159,217,928,799
55_062020-09-03 10-56-06-766-1.png,1920,1080,person,1061,165,1756,744
56_012020-09-02 10-22-56-376-1.png,1920,1080,person,155,94,1298,760
56_032020-09-09 10-41-37-297-1.png,1920,1080,person,56,47,705,551
56_032020-09-09 10-41-37-297-1.png,1920,1080,person,578,308,1215,918
56_032020-09-09 10-41-37-297-1.png,1920,1080,person,814,14,1439,413
56_032020-09-09 10-41-37-297-1.png,1920,1080,person,1342,253,1878,826
56_032020-09-09 10-41-46-306-2.png,1920,1080,person,129,214,1038,973
56_042020-09-08 16-17-01-021-1.png,1920,1080,person,128,140,1083,842
56_052020-09-07 12-19-55-395-1.png,1920,1080,person,302,165,1074,944
56_062020-09-02 11-01-51-711-1.png,1920,1080,person,118,155,1155,846
56_062020-09-02 11-02-17-737-2.png,1920,1080,person,252,253,975,869
56_062020-09-02 11-02-40-760-3.png,1920,1080,person,134,209,879,832
56_062020-09-02 11-02-40-760-3.png,1920,1080,person,995,69,1833,536
56_062020-09-02 11-39-14-954-1.png,1920,1080,person,245,9,1011,746
56_062020-09-02 11-39-23-963-2.png,1920,1080,person,430,42,1164,815
56_062020-09-02 11-39-23-963-2.png,1920,1080,person,1139,6,1898,646
56_062020-09-02 11-39-37-977-3.png,1920,1080,person,388,74,1333,722
56_062020-09-02 11-39-52-992-4.png,1920,1080,person,379,117,1064,729
56_062020-09-02 11-39-52-992-4.png,1920,1080,person,1073,60,1911,586
56_062020-09-02 11-40-04-004-5.png,1920,1080,person,400,108,1295,924
56_062020-09-02 11-40-09-009-6.png,1920,1080,person,297,109,1088,770
56_062020-09-02 11-40-09-009-6.png,1920,1080,person,1037,118,1902,872
56_062020-09-02 11-40-44-044-7.png,1920,1080,person,14,23,929,713
56_062020-09-02 11-40-44-044-7.png,1920,1080,person,1039,177,1864,842
56_062020-09-02 11-41-06-066-8.png,1920,1080,person,398,77,1760,922
56_062020-09-02 11-41-10-070-9.png,1920,1080,person,71,141,1004,767
56_062020-09-02 11-41-10-070-9.png,1920,1080,person,1106,304,1859,895
56_062020-09-02 11-41-17-077-10.png,1920,1080,person,183,194,934,738
56_062020-09-02 11-41-17-077-10.png,1920,1080,person,1036,317,1850,891
56_062020-09-08 10-48-41-321-1.png,1920,1080,person,589,237,1488,833
56_062020-09-08 10-48-49-329-2.png,1920,1080,person,618,104,1551,829
56_062020-09-08 10-49-00-340-3.png,1920,1080,person,406,217,1109,792
56_062020-09-08 10-49-00-340-3.png,1920,1080,person,1069,449,1848,976
56_062020-09-08 10-49-15-355-4.png,1920,1080,person,320,142,1034,918
56_062020-09-08 10-49-20-360-5.png,1920,1080,person,175,211,1079,926
56_072020-09-08 14-19-16-956-1.png,1920,1080,person,268,14,1104,651
56_072020-09-08 14-19-16-956-1.png,1920,1080,person,1143,20,1834,515
57_022020-09-08 16-27-41-661-1.png,1920,1080,person,915,181,1834,705
57_022020-09-09 09-28-24-904-1.png,1920,1080,person,124,129,1002,773
57_022020-09-09 09-28-34-914-2.png,1920,1080,person,501,200,1246,803
57_022020-09-09 09-28-34-914-2.png,1920,1080,person,13,8,668,468
57_022020-09-09 09-28-40-920-3.png,1920,1080,person,38,187,748,779
57_022020-09-09 09-28-40-920-3.png,1920,1080,person,939,185,1737,681
57_032020-09-08 17-52-06-726-1.png,1920,1080,person,946,133,1775,746
57_032020-09-08 17-52-51-771-2.png,1920,1080,person,1078,195,1877,910
57_032020-09-09 09-37-59-479-1.png,1920,1080,person,234,113,1442,869
57_032020-09-09 09-38-17-497-2.png,1920,1080,person,69,32,736,526
57_042020-08-31 15-39-20-560-1.png,1920,1080,person,387,58,1163,681
57_042020-09-08 15-37-38-658-1.png,1920,1080,person,721,100,1614,804
57_042020-09-08 15-37-43-663-2.png,1920,1080,person,533,55,1316,768
58_032020-08-31 15-52-00-320-1.png,1920,1080,person,192,33,1010,679
58_032020-09-08 15-30-41-241-1.png,1920,1080,person,997,68,1880,732
58_032020-09-09 09-09-25-765-1.png,1920,1080,person,163,115,1018,759
58_032020-09-09 09-09-25-765-1.png,1920,1080,person,1132,390,1874,1044
58_032020-09-09 09-09-25-765-1.png,1920,1080,person,1014,33,1874,449
58_032020-09-09 09-38-36-516-1.png,1920,1080,person,87,295,915,853
58_032020-09-09 09-38-36-516-1.png,1920,1080,person,759,4,1416,629
58_032020-09-09 09-38-45-525-2.png,1920,1080,person,279,55,887,758
58_032020-09-09 10-24-27-267-1.png,1920,1080,person,380,72,1201,806
58_032020-09-09 10-24-34-274-2.png,1920,1080,person,438,56,1448,835
58_032020-09-09 10-42-03-323-1.png,1920,1080,person,110,120,984,738
58_042020-09-08 15-38-24-704-1.png,1920,1080,person,92,126,807,868
58_042020-09-08 15-50-46-446-1.png,1920,1080,person,1124,69,1920,647
58_042020-09-08 16-17-23-043-1.png,1920,1080,person,678,51,1641,815
58_042020-09-08 16-17-39-059-2.png,1920,1080,person,218,114,941,723
58_042020-09-08 16-17-57-077-3.png,1920,1080,person,245,132,1514,733
58_052020-09-07 12-20-23-423-1.png,1920,1080,person,1070,423,1900,968
58_052020-09-07 12-20-23-423-1.png,1920,1080,person,1064,13,1877,522
58_052020-09-07 12-20-37-437-2.png,1920,1080,person,459,8,1005,550
58_052020-09-07 12-20-46-446-3.png,1920,1080,person,604,64,1571,777
58_052020-09-07 12-20-46-446-3.png,1920,1080,person,24,292,543,529
58_052020-09-07 12-21-31-491-4.png,1920,1080,person,65,31,828,573
58_052020-09-07 12-21-31-491-4.png,1920,1080,person,784,513,1607,1038
58_052020-09-07 14-56-27-787-1.png,1920,1080,person,380,218,1218,937
58_052020-09-07 14-56-27-787-1.png,1920,1080,person,1291,440,1904,990
59_032020-09-08 17-29-08-348-1.png,1920,1080,person,1061,146,1886,855
59_052020-09-07 11-28-44-324-1.png,1920,1080,person,566,127,1402,841
59_052020-09-07 11-29-05-345-2.png,1920,1080,person,30,553,904,1018
59_052020-09-07 11-29-05-345-2.png,1920,1080,person,42,28,834,429
59_052020-09-07 11-29-42-382-3.png,1920,1080,person,202,1,1029,570
59_052020-09-07 11-29-42-382-3.png,1920,1080,person,1189,40,1888,586
59_052020-09-07 11-29-48-388-4.png,1920,1080,person,301,190,1273,1009
59_052020-09-07 11-29-48-388-4.png,1920,1080,person,824,20,1616,577
59_052020-09-07 11-29-56-396-5.png,1920,1080,person,379,250,1187,846
59_052020-09-07 11-29-56-396-5.png,1920,1080,person,92,17,737,513
59_052020-09-07 11-30-05-405-6.png,1920,1080,person,837,92,1638,554
59_052020-09-07 14-57-05-825-1.png,1920,1080,person,224,436,1247,954
59_052020-09-07 14-57-05-825-1.png,1920,1080,person,1209,28,1856,564
59_052020-09-07 14-57-05-825-1.png,1920,1080,person,189,1,956,495
59_052020-09-07 14-57-29-849-2.png,1920,1080,person,520,27,1215,829
59_062020-09-02 10-45-29-729-1.png,1920,1080,person,964,88,1902,604
59_062020-09-02 11-09-42-182-1.png,1920,1080,person,206,196,1046,855
59_072020-09-08 14-20-06-006-1.png,1920,1080,person,505,77,1187,656
59_072020-09-08 14-20-06-006-1.png,1920,1080,person,1102,396,1559,877
59_072020-09-08 14-20-25-025-2.png,1920,1080,person,342,294,1050,960
59_072020-09-08 14-20-25-025-2.png,1920,1080,person,160,22,528,440
